"specFile","testDescription","endpoints","categories"
"test/app.e2e-spec.ts","/ (GET)","GET /","other"
"test/e2e/01-system.e2e-spec.ts","✅ returns HTTP 200","GET /api/v1","happy"
"test/e2e/01-system.e2e-spec.ts","✅ Content-Type is application/json","GET /api/v1","happy"
"test/e2e/01-system.e2e-spec.ts","✅ body contains all required fields","GET /api/v1","happy"
"test/e2e/01-system.e2e-spec.ts","✅ status equals ""ok""","GET /api/v1","happy"
"test/e2e/01-system.e2e-spec.ts","✅ app is a non-empty string","GET /api/v1","happy"
"test/e2e/01-system.e2e-spec.ts","✅ version is a non-empty string","GET /api/v1","happy"
"test/e2e/01-system.e2e-spec.ts","✅ environment is a non-empty string","GET /api/v1","happy"
"test/e2e/01-system.e2e-spec.ts","✅ docs equals ""/api/docs""","GET /api/v1","happy"
"test/e2e/01-system.e2e-spec.ts","✅ uptimeSeconds is a non-negative number","GET /api/v1","happy"
"test/e2e/01-system.e2e-spec.ts","✅ timestamp is a valid ISO 8601 UTC string","GET /api/v1","happy"
"test/e2e/01-system.e2e-spec.ts","✅ timestamp is close to the current time (within 5 seconds)","GET /api/v1","happy"
"test/e2e/01-system.e2e-spec.ts","✅ nodeVersion matches the running Node process","GET /api/v1","happy"
"test/e2e/01-system.e2e-spec.ts","🔐 responds 200 without any Authorization header","GET /api/v1","auth"
"test/e2e/01-system.e2e-spec.ts","🔐 responds 200 with an invalid Authorization header (does NOT 401)","GET /api/v1","auth ; validation"
"test/e2e/01-system.e2e-spec.ts","🔐 responds 200 with a malformed Bearer value","GET /api/v1","auth"
"test/e2e/01-system.e2e-spec.ts","⚡ responds in under 500ms","GET /api/v1","performance"
"test/e2e/01-system.e2e-spec.ts","✅ response shape is stable across two consecutive calls","GET /api/v1","happy"
"test/e2e/01-system.e2e-spec.ts","📋 docs field links to the Swagger UI path","GET /api/v1","compliance"
"test/e2e/01-system.e2e-spec.ts","📋 response does not leak sensitive fields (no db credentials, secrets)","GET /api/v1","compliance"
"test/e2e/02-auth.e2e-spec.ts",".');   if (parts.length !== 3) throw new Error('Not a JWT');   return JSON.parse(Buffer.from(parts[1], 'base64url').toString('utf8')); }  // --------------------------------------------------------------------------- // Test Suites // --------------------------------------------------------------------------- describe('Auth Endpoints — /api/v1/auth","POST /api/v1/auth/register ; POST /api/v1/auth/login","other"
"test/e2e/02-auth.e2e-spec.ts","✅ Happy: valid facility + admin data → 201 with facilityId and adminEmail","POST /api/v1/auth/register","happy"
"test/e2e/02-auth.e2e-spec.ts","❌ Missing facilityName → 400","POST /api/v1/auth/register","validation"
"test/e2e/02-auth.e2e-spec.ts","❌ Missing adminEmail → 400","POST /api/v1/auth/register","validation"
"test/e2e/02-auth.e2e-spec.ts","❌ Missing adminPassword → 400","POST /api/v1/auth/register","validation"
"test/e2e/02-auth.e2e-spec.ts","❌ Weak password — no special character → 400","POST /api/v1/auth/register","validation"
"test/e2e/02-auth.e2e-spec.ts","❌ Weak password — no uppercase → 400","POST /api/v1/auth/register","validation"
"test/e2e/02-auth.e2e-spec.ts","❌ Invalid email format → 400","POST /api/v1/auth/register","validation"
"test/e2e/02-auth.e2e-spec.ts","❌ Duplicate email registration → 409","POST /api/v1/auth/register","validation"
"test/e2e/02-auth.e2e-spec.ts","💉 SQL injection in facilityName → 400 or sanitized (not 500)","POST /api/v1/auth/register","security ; validation"
"test/e2e/02-auth.e2e-spec.ts","💉 XSS in facilityName → stored without script execution / sanitized","POST /api/v1/auth/register","security"
"test/e2e/02-auth.e2e-spec.ts","✅ Happy: valid credentials → 200 with accessToken, refreshToken, user","POST /api/v1/auth/login","happy"
"test/e2e/02-auth.e2e-spec.ts","✅ accessToken is a valid JWT (3 dot-separated parts)","POST /api/v1/auth/login","happy"
"test/e2e/02-auth.e2e-spec.ts",".');       expect(parts).toHaveLength(3);       // Each part is base64url       parts.forEach((p) => expect(p.length).toBeGreaterThan(0));     });      it('✅ accessToken exp claim is ~15 minutes in the future","POST /api/v1/auth/login","happy"
"test/e2e/02-auth.e2e-spec.ts","✅ user object contains id, email, role, facilityId, firstName, lastName","POST /api/v1/auth/login","happy"
"test/e2e/02-auth.e2e-spec.ts","🔐 Wrong password → 401","POST /api/v1/auth/login","auth"
"test/e2e/02-auth.e2e-spec.ts","🔐 Non-existent email → 401","POST /api/v1/auth/login","auth"
"test/e2e/02-auth.e2e-spec.ts","❌ Missing email → 400","POST /api/v1/auth/login","validation"
"test/e2e/02-auth.e2e-spec.ts","❌ Missing password → 400","POST /api/v1/auth/login","validation"
"test/e2e/02-auth.e2e-spec.ts","❌ Password under 8 characters → 400","POST /api/v1/auth/login","validation"
"test/e2e/02-auth.e2e-spec.ts","💉 SQL injection in email → 401 (not 500)","POST /api/v1/auth/login","security ; auth"
"test/e2e/02-auth.e2e-spec.ts","💉 SQL injection in password field → not 500","POST /api/v1/auth/login","security"
"test/e2e/02-auth.e2e-spec.ts","⚡ Rate limiting: 6+ rapid failed attempts → 429","POST /api/v1/auth/login","performance ; rate-limit"
"test/e2e/02-auth.e2e-spec.ts","📋 Compliance: login response does NOT expose password hash","POST /api/v1/auth/login","compliance"
"test/e2e/02-auth.e2e-spec.ts","✅ Happy: valid refreshToken → 200 with new accessToken and refreshToken","POST /api/v1/auth/refresh","happy"
"test/e2e/02-auth.e2e-spec.ts","🔐 Expired / invalid refreshToken → 401","POST /api/v1/auth/refresh","auth ; validation"
"test/e2e/02-auth.e2e-spec.ts","🔐 Tampered refreshToken → 401","POST /api/v1/auth/refresh","auth"
"test/e2e/02-auth.e2e-spec.ts","❌ Missing refreshToken field → 400","POST /api/v1/auth/refresh","validation"
"test/e2e/02-auth.e2e-spec.ts","🔐 Token rotation: used refreshToken (replay attack) → 401","POST /api/v1/auth/refresh","auth"
"test/e2e/02-auth.e2e-spec.ts","✅ Happy: valid Indian phone in +91XXXXXXXXXX format → 200","POST /api/v1/auth/otp/request","happy"
"test/e2e/02-auth.e2e-spec.ts","❌ Invalid phone format (no +91 prefix) → 400","POST /api/v1/auth/otp/request","validation"
"test/e2e/02-auth.e2e-spec.ts","❌ Invalid phone format (too short) → 400","POST /api/v1/auth/otp/request","validation"
"test/e2e/02-auth.e2e-spec.ts","❌ Invalid phone format (contains letters) → 400","POST /api/v1/auth/otp/request","validation"
"test/e2e/02-auth.e2e-spec.ts","❌ Missing phone → 400","POST /api/v1/auth/otp/request","validation"
"test/e2e/02-auth.e2e-spec.ts","❌ Missing purpose → 400","POST /api/v1/auth/otp/request","validation"
"test/e2e/02-auth.e2e-spec.ts","❌ Invalid purpose enum value → 400","POST /api/v1/auth/otp/request","validation"
"test/e2e/02-auth.e2e-spec.ts","❌ Wrong OTP code → 400 or 401","POST /api/v1/auth/otp/verify","validation ; auth"
"test/e2e/02-auth.e2e-spec.ts","❌ OTP code with wrong length (5 digits) → 400","POST /api/v1/auth/otp/verify","validation"
"test/e2e/02-auth.e2e-spec.ts","❌ Missing phone → 400","POST /api/v1/auth/otp/verify","validation"
"test/e2e/02-auth.e2e-spec.ts","❌ Missing code → 400","POST /api/v1/auth/otp/verify","validation"
"test/e2e/02-auth.e2e-spec.ts","❌ Missing purpose → 400","POST /api/v1/auth/otp/verify","validation"
"test/e2e/02-auth.e2e-spec.ts","❌ Invalid purpose → 400","POST /api/v1/auth/otp/verify ; POST /api/v1/users","validation"
"test/e2e/02-auth.e2e-spec.ts","✅ Happy: admin creates invitation → 201 with inviteToken","POST /api/v1/auth/invite","happy"
"test/e2e/02-auth.e2e-spec.ts","🔐 Missing auth → 401","POST /api/v1/auth/invite","auth ; validation"
"test/e2e/02-auth.e2e-spec.ts","🚫 Nurse tries to invite → 403 (only admin can invite)","POST /api/v1/auth/invite","authorization"
"test/e2e/02-auth.e2e-spec.ts","❌ Invalid role in body → 400","POST /api/v1/auth/invite","validation"
"test/e2e/02-auth.e2e-spec.ts","❌ Missing email in invite body → 400","POST /api/v1/auth/invite","validation"
"test/e2e/02-auth.e2e-spec.ts","❌ Duplicate email invite → 409","POST /api/v1/auth/invite","validation"
"test/e2e/02-auth.e2e-spec.ts","✅ Happy: valid token + strong password → 200","POST /api/v1/auth/accept-invite","happy"
"test/e2e/02-auth.e2e-spec.ts","🔐 Invalid / non-existent token → 401","POST /api/v1/auth/accept-invite","auth ; validation"
"test/e2e/02-auth.e2e-spec.ts","🔐 Expired token (simulate with obviously fake UUID) → 401","POST /api/v1/auth/accept-invite","auth"
"test/e2e/02-auth.e2e-spec.ts","❌ Weak password → 400","POST /api/v1/auth/invite ; POST /api/v1/auth/accept-invite","validation"
"test/e2e/02-auth.e2e-spec.ts","❌ Missing inviteToken → 400","POST /api/v1/auth/accept-invite","validation"
"test/e2e/02-auth.e2e-spec.ts","❌ Missing password → 400","POST /api/v1/auth/accept-invite","validation"
"test/e2e/02-auth.e2e-spec.ts","✅ Happy: valid JWT → 200 with user profile","GET /api/v1/auth/me","happy"
"test/e2e/02-auth.e2e-spec.ts","🔐 No auth header → 401","GET /api/v1/auth/me","auth"
"test/e2e/02-auth.e2e-spec.ts","🔐 Expired / tampered token → 401","GET /api/v1/auth/me","auth"
"test/e2e/02-auth.e2e-spec.ts","🔐 Completely invalid Bearer value → 401","GET /api/v1/auth/me","auth ; validation"
"test/e2e/02-auth.e2e-spec.ts","📋 Response MUST NOT contain password hash","GET /api/v1/auth/me","compliance"
"test/e2e/02-auth.e2e-spec.ts","📋 Response MUST NOT contain refresh token data","GET /api/v1/auth/me","compliance"
"test/e2e/02-auth.e2e-spec.ts","📋 Response MUST contain all required profile fields","GET /api/v1/auth/me","compliance"
"test/e2e/02-auth.e2e-spec.ts","✅ Happy: correct currentPassword + strong newPassword → 200","POST /api/v1/auth/change-password","happy"
"test/e2e/02-auth.e2e-spec.ts","🔐 Wrong currentPassword → 401 or 400","POST /api/v1/auth/change-password","auth ; validation"
"test/e2e/02-auth.e2e-spec.ts","❌ Same as current password → 400","POST /api/v1/auth/change-password","validation"
"test/e2e/02-auth.e2e-spec.ts","❌ Weak newPassword → 400","POST /api/v1/auth/change-password","validation"
"test/e2e/02-auth.e2e-spec.ts","🔐 Missing auth → 401","POST /api/v1/auth/change-password","auth ; validation"
"test/e2e/02-auth.e2e-spec.ts","❌ Missing currentPassword field → 400","POST /api/v1/auth/change-password","validation"
"test/e2e/02-auth.e2e-spec.ts","❌ Missing newPassword field → 400","POST /api/v1/auth/change-password","validation"
"test/e2e/02-auth.e2e-spec.ts","✅ Happy: valid token → 200 with logout message","POST /api/v1/auth/logout","happy"
"test/e2e/02-auth.e2e-spec.ts","🔐 Missing auth → 401","POST /api/v1/auth/logout","auth ; validation"
"test/e2e/02-auth.e2e-spec.ts","🔐 After logout, old token returns 401 on protected route (blacklisted)","GET /api/v1/auth/me ; POST /api/v1/auth/logout","auth"
"test/e2e/02-auth.e2e-spec.ts","🏢 JWT payload contains the correct facilityId for each admin","GET /api/v1/auth/me","idor"
"test/e2e/02-auth.e2e-spec.ts","🏢 Admin A cannot fetch Admin B profile using /auth/me (different facilityId in token)","GET /api/v1/auth/me","idor"
"test/e2e/03-users.e2e-spec.ts","✅ FACILITY_ADMIN can fetch their own facility","GET /api/v1/facilities/${facilityId}","happy"
"test/e2e/03-users.e2e-spec.ts","🔐 401 without auth token","GET /api/v1/facilities/${facilityId}","auth"
"test/e2e/03-users.e2e-spec.ts","🔍 404 for non-existent facility UUID","GET /api/v1/facilities/00000000-0000-0000-0000-000000000000","search ; not-found"
"test/e2e/03-users.e2e-spec.ts","🏢 IDOR – facility admin cannot access a different facility","GET /api/v1/facilities/${other.facilityId}","idor"
"test/e2e/03-users.e2e-spec.ts","✅ Returns facility settings","GET /api/v1/facilities/${facilityId}/settings","happy"
"test/e2e/03-users.e2e-spec.ts","🔐 401 without token","GET /api/v1/facilities/${facilityId}`, ); expect(res.status).toBe(401); }); it('🔍 404 for non-existent facility UUID', async () => { const res = await request(app.getHttpServer()) .get('/api/v1/facilities/00000000-0000-0000-0000-000000000000') .set('Authorization', `Bearer ${adminToken} ; GET /api/v1/facilities/${other.facilityId} ; GET /api/v1/facilities/${facilityId}/settings","auth"
"test/e2e/03-users.e2e-spec.ts","🏢 IDOR – cannot access another facility settings","GET /api/v1/facilities/${other.facilityId}/settings","idor"
"test/e2e/03-users.e2e-spec.ts","✅ Admin can update settings","PATCH /api/v1/facilities/${facilityId}/settings","happy"
"test/e2e/03-users.e2e-spec.ts","🔐 401 without token","PATCH /api/v1/facilities/${facilityId}/settings","auth"
"test/e2e/03-users.e2e-spec.ts","❌ 400 when no file attached","POST /api/v1/facilities/${facilityId}/upload-logo","validation"
"test/e2e/03-users.e2e-spec.ts","🔐 401 without token","GET /api/v1/facilities/${other.facilityId}/settings ; PATCH /api/v1/facilities/${facilityId}/settings ; POST /api/v1/facilities/${facilityId}/upload-logo","auth"
"test/e2e/03-users.e2e-spec.ts","✅ FACILITY_ADMIN creates a DOCTOR","POST /api/v1/users","happy"
"test/e2e/03-users.e2e-spec.ts","✅ Can create NURSE, RECEPTIONIST, PHARMACIST, EQUIPMENT_STAFF, CRM_ANALYST","POST /api/v1/users","happy"
"test/e2e/03-users.e2e-spec.ts","❌ 400 – missing email","POST /api/v1/users","validation"
"test/e2e/03-users.e2e-spec.ts","❌ 400 – invalid email format","POST /api/v1/users","validation"
"test/e2e/03-users.e2e-spec.ts","❌ 400 – invalid role","POST /api/v1/users","validation"
"test/e2e/03-users.e2e-spec.ts","❌ 409 – duplicate email","POST /api/v1/users","validation"
"test/e2e/03-users.e2e-spec.ts","🔐 401 – no auth","POST /api/v1/users","auth"
"test/e2e/03-users.e2e-spec.ts","💉 SQL injection in firstName is sanitised","POST /api/v1/users","security"
"test/e2e/03-users.e2e-spec.ts","💉 XSS in firstName is handled safely","POST /api/v1/users","security"
"test/e2e/03-users.e2e-spec.ts","📋 Response never contains password or passwordHash","POST /api/v1/users","compliance"
"test/e2e/03-users.e2e-spec.ts","✅ Returns list of facility users","GET /api/v1/users","happy"
"test/e2e/03-users.e2e-spec.ts","🔐 401 without token","GET /api/v1/users","auth"
"test/e2e/03-users.e2e-spec.ts","🏢 IDOR – results scoped to own facility","GET /api/v1/users","idor"
"test/e2e/03-users.e2e-spec.ts","✅ Returns only DOCTOR-role users","GET /api/v1/users/doctors","happy"
"test/e2e/03-users.e2e-spec.ts","🔐 401 without token","GET /api/v1/users/doctors","auth"
"test/e2e/03-users.e2e-spec.ts","✅ Returns user by id","GET /api/v1/users/${userId}","happy"
"test/e2e/03-users.e2e-spec.ts","📋 Response does not contain password","GET /api/v1/users/${userId}","compliance"
"test/e2e/03-users.e2e-spec.ts","🔍 404 for non-existent user","GET /api/v1/users/00000000-0000-0000-0000-000000000000","search ; not-found"
"test/e2e/03-users.e2e-spec.ts","🏢 IDOR – cannot get user from different facility","GET /api/v1/users/${otherUser.id}","idor"
"test/e2e/03-users.e2e-spec.ts","🔐 401 without token","GET /api/v1/users/${userId}","auth"
"test/e2e/03-users.e2e-spec.ts","✅ Updates firstName and lastName","PATCH /api/v1/users/${userId}","happy"
"test/e2e/03-users.e2e-spec.ts","⚠️ facilityId change in body is ignored (security)","PATCH /api/v1/users/${userId}","edge"
"test/e2e/03-users.e2e-spec.ts","🔐 401 without token","PATCH /api/v1/users/${userId}","auth"
"test/e2e/03-users.e2e-spec.ts","🏢 IDOR – cannot update user from different facility","PATCH /api/v1/users/${otherUser.id}","idor"
"test/e2e/03-users.e2e-spec.ts","✅ Soft-deletes a user","DELETE /api/v1/users/${user.id}","happy"
"test/e2e/03-users.e2e-spec.ts","📋 Deleted user cannot log in","POST /api/v1/users ; DELETE /api/v1/users/${createRes.body.id} ; POST /api/v1/auth/login","compliance"
"test/e2e/03-users.e2e-spec.ts","🔐 401 without token","DELETE /api/v1/users/${user.id}","auth"
"test/e2e/03-users.e2e-spec.ts","🏢 IDOR – cannot delete user from different facility","DELETE /api/v1/users/${otherUser.id}","idor"
"test/e2e/03-users.e2e-spec.ts","✅ Returns current user profile","GET /api/v1/users/me","happy"
"test/e2e/03-users.e2e-spec.ts","🔐 401 without token","GET /api/v1/users/me","auth"
"test/e2e/04-patients.e2e-spec.ts","creates patient with all fields and returns 201 with id and facilityId","POST /api/v1/patients","other"
"test/e2e/04-patients.e2e-spec.ts","creates patient with minimal required fields only and returns 201","POST /api/v1/patients","other"
"test/e2e/04-patients.e2e-spec.ts","assigns a unique MRN (UHID) to each new patient","POST /api/v1/patients","other"
"test/e2e/04-patients.e2e-spec.ts","NURSE can create a patient (returns 201)","POST /api/v1/patients","other"
"test/e2e/04-patients.e2e-spec.ts","FACILITY_ADMIN can create a patient (returns 201)","POST /api/v1/patients","other"
"test/e2e/04-patients.e2e-spec.ts","returns 400 when firstName is missing","POST /api/v1/patients","validation"
"test/e2e/04-patients.e2e-spec.ts","returns 400 when phone is missing","POST /api/v1/patients","validation"
"test/e2e/04-patients.e2e-spec.ts","returns 400 for invalid phone — not +91 format","POST /api/v1/patients","validation"
"test/e2e/04-patients.e2e-spec.ts","returns 400 for invalid phone — starts with +911 (invalid Indian mobile)","POST /api/v1/patients","validation"
"test/e2e/04-patients.e2e-spec.ts","returns 400 for invalid gender value","POST /api/v1/patients","validation"
"test/e2e/04-patients.e2e-spec.ts","returns 400 for future dateOfBirth","POST /api/v1/patients","validation"
"test/e2e/04-patients.e2e-spec.ts","T')[0],         }),       );      // The DTO uses @IsDateString() which accepts any date string; future date     // validation depends on business-layer implementation.     // Accept 400 (if validation is enforced) or 201 (if not yet enforced at API level).     expect([201, 400]).toContain(res.status);   });    it('returns 400 when consentGiven is false (DPDP Act compliance)","POST /api/v1/patients","validation"
"test/e2e/04-patients.e2e-spec.ts","returns 400 when consentGiven is missing","POST /api/v1/patients","validation"
"test/e2e/04-patients.e2e-spec.ts","does not execute XSS payload in firstName — returns 400 or sanitised 201","POST /api/v1/patients","security ; validation"
"test/e2e/04-patients.e2e-spec.ts","does not execute SQL injection in lastName — returns 400 or safely stored 201","POST /api/v1/patients ; GET /api/v1/patients/${res.body.id as string}","security ; validation"
"test/e2e/04-patients.e2e-spec.ts","returns 409 for duplicate patient (same name + phone + DOB)","POST /api/v1/patients","other"
"test/e2e/04-patients.e2e-spec.ts","validates ABHA number format when provided (14-digit string)","POST /api/v1/patients","other"
"test/e2e/04-patients.e2e-spec.ts","returns 403 when DOCTOR tries to create a patient","POST /api/v1/patients","authorization"
"test/e2e/04-patients.e2e-spec.ts","returns 401 when no Authorization header is provided","POST /api/v1/patients","auth"
"test/e2e/04-patients.e2e-spec.ts","returns paginated response with data, total, page, limit","GET /api/v1/patients","other"
"test/e2e/04-patients.e2e-spec.ts","uses default pagination page=1, limit=20","GET /api/v1/patients","other"
"test/e2e/04-patients.e2e-spec.ts","filters by search query on name","GET /api/v1/patients?search=Kaveri","other"
"test/e2e/04-patients.e2e-spec.ts","filters by search query on phone","GET /api/v1/patients?search=${encodeURIComponent(sharedPatientPhone.slice(-4))}`, ) .set('Authorization', `Bearer ${receptionistTokenA}","other"
"test/e2e/04-patients.e2e-spec.ts","IDOR: Facility A results never include Facility B patients","GET /api/v1/patients","other"
"test/e2e/04-patients.e2e-spec.ts","respects custom page and limit query params","GET /api/v1/patients?page=1&limit=5","other"
"test/e2e/04-patients.e2e-spec.ts","returns 401 when missing auth token","GET /api/v1/patients","auth ; validation"
"test/e2e/04-patients.e2e-spec.ts","response data never contains passwordHash field","GET /api/v1/patients","other"
"test/e2e/04-patients.e2e-spec.ts","returns 200 with full patient for valid id belonging to same facility","GET /api/v1/patients/${patientIdA}","other"
"test/e2e/04-patients.e2e-spec.ts","returns 404 for non-existent patient id","GET /api/v1/patients/${nonExistentId}","not-found"
"test/e2e/04-patients.e2e-spec.ts","IDOR: returns 404 (not 200) for valid UUID belonging to a different facility","GET /api/v1/patients/${patientIdB}","not-found"
"test/e2e/04-patients.e2e-spec.ts","returns 400 or 404 for invalid UUID format","GET /api/v1/patients/not-a-valid-uuid","not-found ; validation"
"test/e2e/04-patients.e2e-spec.ts","returns 401 without token","GET /api/v1/patients/${nonExistentId} ; GET /api/v1/patients/${patientIdB} ; GET /api/v1/patients/not-a-valid-uuid","auth"
"test/e2e/04-patients.e2e-spec.ts","response never contains passwordHash or password fields","GET /api/v1/patients/${patientIdA}","other"
"test/e2e/04-patients.e2e-spec.ts","updates phone and address and returns 200 with updated patient","PATCH /api/v1/patients/${patientIdA}","other"
"test/e2e/04-patients.e2e-spec.ts","returns 400 for invalid phone in update","PATCH /api/v1/patients/${patientIdA}","validation"
"test/e2e/04-patients.e2e-spec.ts","DOCTOR trying to update returns 403","PATCH /api/v1/patients/${patientIdA}","authorization"
"test/e2e/04-patients.e2e-spec.ts","IDOR: updating a patient from a different facility returns 404","PATCH /api/v1/patients/${patientIdB}","not-found"
"test/e2e/04-patients.e2e-spec.ts","silently ignores attempts to change facilityId","PATCH /api/v1/patients/${patientIdA}","other"
"test/e2e/04-patients.e2e-spec.ts","returns 401 without token","PATCH /api/v1/patients/${patientIdA}","auth"
"test/e2e/04-patients.e2e-spec.ts","FACILITY_ADMIN soft-deletes a patient and gets 204","DELETE /api/v1/patients/${patientToDeleteId}","other"
"test/e2e/04-patients.e2e-spec.ts","after deletion, GET /patients/:id returns 404","GET /api/v1/patients/${patientToDeleteId}","not-found"
"test/e2e/04-patients.e2e-spec.ts","DOCTOR trying to delete returns 403","DELETE /api/v1/patients/${pat.id as string}","authorization"
"test/e2e/04-patients.e2e-spec.ts","RECEPTIONIST trying to delete returns 403","DELETE /api/v1/patients/${pat.id as string}","authorization"
"test/e2e/04-patients.e2e-spec.ts","returns 401 without token","DELETE /api/v1/patients/${patientToDeleteId} ; GET /api/v1/patients/${patientToDeleteId} ; DELETE /api/v1/patients/${pat.id as string}","auth"
"test/e2e/04-patients.e2e-spec.ts","returns 404 when deleting a non-existent patient","DELETE /api/v1/patients/${nonExistentId}","not-found"
"test/e2e/04-patients.e2e-spec.ts","records consent and returns 201 with consent record","POST /api/v1/patients/${consentPatientId}/consent","other"
"test/e2e/04-patients.e2e-spec.ts","records DATA_SHARING consent type","POST /api/v1/patients/${consentPatientId}/consent","other"
"test/e2e/04-patients.e2e-spec.ts","returns 400 when consentType is missing","POST /api/v1/patients/${consentPatientId}/consent","validation"
"test/e2e/04-patients.e2e-spec.ts","returns 400 for invalid consentType value","POST /api/v1/patients/${consentPatientId}/consent","validation"
"test/e2e/04-patients.e2e-spec.ts","DOCTOR trying to record consent returns 403","POST /api/v1/patients/${consentPatientId}/consent","authorization"
"test/e2e/04-patients.e2e-spec.ts","IDOR: cannot record consent for a patient from another facility","POST /api/v1/patients/${facilityBPatientId}/consent","other"
"test/e2e/04-patients.e2e-spec.ts","returns 401 without token","POST /api/v1/patients/${consentPatientId}/consent ; POST /api/v1/patients/${consentListPatientId}/consent","auth"
"test/e2e/04-patients.e2e-spec.ts","returns 200 with array of consent records","GET /api/v1/patients/${consentListPatientId}/consents","other"
"test/e2e/04-patients.e2e-spec.ts","returns 200 with empty array for patient with no consents","GET /api/v1/patients/${freshPat.id as string}/consents","other"
"test/e2e/04-patients.e2e-spec.ts","IDOR: cannot access consents from another facility patient","GET /api/v1/patients/${facilityBPatientForConsents}/consents","other"
"test/e2e/04-patients.e2e-spec.ts","returns 401 without token","GET /api/v1/patients/${freshPat.id as string}/consents ; GET /api/v1/patients/${facilityBPatientForConsents}/consents","auth"
"test/e2e/04-patients.e2e-spec.ts","consent records contain consentType, patientId and consentGivenAt","GET /api/v1/patients/${consentListPatientId}/consents","other"
"test/e2e/05-visits.e2e-spec.ts","✅ RECEPTIONIST creates OPD visit → status REGISTERED","POST /api/v1/visits","happy"
"test/e2e/05-visits.e2e-spec.ts","✅ FACILITY_ADMIN creates EMERGENCY visit","POST /api/v1/visits","happy"
"test/e2e/05-visits.e2e-spec.ts","❌ 400 – missing patientId","POST /api/v1/visits","validation"
"test/e2e/05-visits.e2e-spec.ts","❌ 400 – invalid visitType","POST /api/v1/visits","validation"
"test/e2e/05-visits.e2e-spec.ts","🔐 401 – no auth token","POST /api/v1/visits","auth"
"test/e2e/05-visits.e2e-spec.ts","🚫 403 – PHARMACIST cannot create visits","POST /api/v1/visits","authorization"
"test/e2e/05-visits.e2e-spec.ts","🏢 IDOR – patient from different facility rejected","POST /api/v1/visits","idor"
"test/e2e/05-visits.e2e-spec.ts","✅ Returns queued visits in FIFO order","GET /api/v1/visits/queue","happy"
"test/e2e/05-visits.e2e-spec.ts","✅ Optional doctorId filter narrows results","GET /api/v1/visits/queue?doctorId=${ctx.doctorId}","happy"
"test/e2e/05-visits.e2e-spec.ts","🔐 401 without token","GET /api/v1/visits/queue","auth"
"test/e2e/05-visits.e2e-spec.ts","🏢 Queue scoped to facilityId (no leakage)","GET /api/v1/visits/queue","idor"
"test/e2e/05-visits.e2e-spec.ts","✅ Returns paginated list","GET /api/v1/visits","happy"
"test/e2e/05-visits.e2e-spec.ts","✅ date filter works","GET /api/v1/visits/queue ; GET /api/v1/visits","happy"
"test/e2e/05-visits.e2e-spec.ts","T')[0];       const res = await request(ctx.app.getHttpServer())         .get(`/api/v1/visits?date=${today}`)         .set('Authorization","GET /api/v1/visits?date=${today}","other"
"test/e2e/05-visits.e2e-spec.ts","✅ status filter returns only matching visits","GET /api/v1/visits?status=REGISTERED","happy"
"test/e2e/05-visits.e2e-spec.ts","🔐 401 without token","GET /api/v1/visits","auth"
"test/e2e/05-visits.e2e-spec.ts","✅ Returns visit with patient info","GET /api/v1/visits/${visitId}","happy"
"test/e2e/05-visits.e2e-spec.ts","🔍 404 for non-existent visit","GET /api/v1/visits/00000000-0000-0000-0000-000000000000","search ; not-found"
"test/e2e/05-visits.e2e-spec.ts","🏢 IDOR – visit from different facility → 403/404","GET /api/v1/visits/00000000-0000-0000-0000-000000000001","idor ; authorization ; not-found"
"test/e2e/05-visits.e2e-spec.ts","🔐 401 without token","GET /api/v1/visits/${visitId} ; POST /api/v1/visits","auth"
"test/e2e/05-visits.e2e-spec.ts","✅ REGISTERED → WAITING","PATCH /api/v1/visits/${statusVisitId}/status","happy"
"test/e2e/05-visits.e2e-spec.ts","❌ 400 – invalid status value","PATCH /api/v1/visits/${statusVisitId}/status","validation"
"test/e2e/05-visits.e2e-spec.ts","🔐 401 – no auth","PATCH /api/v1/visits/${statusVisitId}/status","auth"
"test/e2e/05-visits.e2e-spec.ts","✅ RECEPTIONIST assigns doctor","POST /api/v1/visits ; PATCH /api/v1/visits/${newVisit.body.id}/assign-doctor","happy"
"test/e2e/05-visits.e2e-spec.ts","❌ 400/404 – non-existent doctor","PATCH /api/v1/visits/${visitId}/assign-doctor","validation ; not-found"
"test/e2e/05-visits.e2e-spec.ts","✅ Marks visit as NO_SHOW","POST /api/v1/visits ; PATCH /api/v1/visits/${v.body.id}/no-show","happy"
"test/e2e/05-visits.e2e-spec.ts","🚫 403 – DOCTOR marks no-show","POST /api/v1/visits ; PATCH /api/v1/visits/${v.body.id}/no-show","authorization"
"test/e2e/05-visits.e2e-spec.ts","✅ RECEPTIONIST cancels visit","POST /api/v1/visits ; DELETE /api/v1/visits/${v.body.id}","happy"
"test/e2e/05-visits.e2e-spec.ts","🔐 401 – no auth","DELETE /api/v1/visits/${visitId}","auth"
"test/e2e/05-visits.e2e-spec.ts","🚫 403 – DOCTOR cancels visit","POST /api/v1/visits ; DELETE /api/v1/visits/${v.body.id}","authorization"
"test/e2e/06-nurse.e2e-spec.ts","✅ NURSE records vitals → 201","POST /api/v1/nurse/vitals","happy"
"test/e2e/06-nurse.e2e-spec.ts","✅ FACILITY_ADMIN can also record vitals","POST /api/v1/visits ; POST /api/v1/nurse/vitals","happy"
"test/e2e/06-nurse.e2e-spec.ts","❌ 400 – missing visitId","POST /api/v1/nurse/vitals","validation"
"test/e2e/06-nurse.e2e-spec.ts","❌ 400 – impossible systolic value (> 300)","POST /api/v1/nurse/vitals","validation"
"test/e2e/06-nurse.e2e-spec.ts","❌ 400 – impossible SpO2 (> 100)","POST /api/v1/nurse/vitals","validation"
"test/e2e/06-nurse.e2e-spec.ts","🔐 401 – no auth","POST /api/v1/nurse/vitals","auth"
"test/e2e/06-nurse.e2e-spec.ts","🚫 403 – RECEPTIONIST cannot record vitals","POST /api/v1/nurse/vitals","authorization"
"test/e2e/06-nurse.e2e-spec.ts","🏢 IDOR – visit from different facility → error","POST /api/v1/nurse/vitals","idor"
"test/e2e/06-nurse.e2e-spec.ts","✅ Returns vitals for visit","GET /api/v1/nurse/vitals/${ctx.visitId}","happy"
"test/e2e/06-nurse.e2e-spec.ts","🔐 401 without token","GET /api/v1/nurse/vitals/${ctx.visitId}","auth"
"test/e2e/06-nurse.e2e-spec.ts","✅ NURSE records triage level MODERATE → 201","POST /api/v1/nurse/triage","happy"
"test/e2e/06-nurse.e2e-spec.ts","❌ 400 – invalid triageLevel","POST /api/v1/nurse/triage","validation"
"test/e2e/06-nurse.e2e-spec.ts","❌ 400 – missing visitId","POST /api/v1/nurse/triage","validation"
"test/e2e/06-nurse.e2e-spec.ts","🔐 401 – no auth","POST /api/v1/nurse/triage","auth"
"test/e2e/06-nurse.e2e-spec.ts","🚫 403 – PHARMACIST records triage","POST /api/v1/nurse/triage","authorization"
"test/e2e/06-nurse.e2e-spec.ts","✅ Returns triage record","GET /api/v1/nurse/triage/${ctx.visitId}","happy"
"test/e2e/06-nurse.e2e-spec.ts","🔐 401 without token","GET /api/v1/nurse/triage/${ctx.visitId}","auth"
"test/e2e/06-nurse.e2e-spec.ts","✅ NURSE records MAR → 201","POST /api/v1/nurse/mar","happy"
"test/e2e/06-nurse.e2e-spec.ts","❌ 400 – missing visitId","POST /api/v1/nurse/mar","validation"
"test/e2e/06-nurse.e2e-spec.ts","🔐 401 – no auth","POST /api/v1/nurse/mar","auth"
"test/e2e/06-nurse.e2e-spec.ts","🚫 403 – RECEPTIONIST records MAR","POST /api/v1/nurse/mar","authorization"
"test/e2e/06-nurse.e2e-spec.ts","✅ Returns MAR records for visit (may be empty)","GET /api/v1/nurse/mar/${ctx.visitId}","happy"
"test/e2e/06-nurse.e2e-spec.ts","🔐 401 without token","GET /api/v1/nurse/mar/${ctx.visitId}","auth"
"test/e2e/06-nurse.e2e-spec.ts","🏢 IDOR – different facility visitId","GET /api/v1/nurse/mar/00000000-0000-0000-0000-000000000001","idor"
"test/e2e/07-doctor.e2e-spec.ts","✅ DOCTOR creates consultation → 201","POST /api/v1/doctor/consultations","happy"
"test/e2e/07-doctor.e2e-spec.ts","✅ FACILITY_ADMIN can create consultation","POST /api/v1/visits ; POST /api/v1/doctor/consultations","happy"
"test/e2e/07-doctor.e2e-spec.ts","❌ 400 – missing visitId","POST /api/v1/doctor/consultations","validation"
"test/e2e/07-doctor.e2e-spec.ts","🔐 401 – no auth","POST /api/v1/doctor/consultations","auth"
"test/e2e/07-doctor.e2e-spec.ts","🚫 403 – NURSE creates consultation","POST /api/v1/doctor/consultations","authorization"
"test/e2e/07-doctor.e2e-spec.ts","🏢 IDOR – visit from different facility","POST /api/v1/doctor/consultations","idor"
"test/e2e/07-doctor.e2e-spec.ts","✅ Returns consultation record","GET /api/v1/doctor/consultations/${ctx.visitId}","happy"
"test/e2e/07-doctor.e2e-spec.ts","🔐 401 without token","GET /api/v1/doctor/consultations/${ctx.visitId}","auth"
"test/e2e/07-doctor.e2e-spec.ts","✅ DOCTOR updates findings and plan","PATCH /api/v1/doctor/consultations/${consultationId}","happy"
"test/e2e/07-doctor.e2e-spec.ts","🔐 401 – no auth","PATCH /api/v1/doctor/consultations/${consultationId}","auth"
"test/e2e/07-doctor.e2e-spec.ts","🚫 403 – PHARMACIST updates consultation","PATCH /api/v1/doctor/consultations/${consultationId}","authorization"
"test/e2e/07-doctor.e2e-spec.ts","✅ DOCTOR completes consultation","POST /api/v1/doctor/consultations/${consultationId}/complete","happy"
"test/e2e/07-doctor.e2e-spec.ts","🔐 401 – no auth","POST /api/v1/doctor/consultations/${consultationId}/complete","auth"
"test/e2e/07-doctor.e2e-spec.ts","✅ DOCTOR creates prescription → 201","POST /api/v1/doctor/prescriptions","happy"
"test/e2e/07-doctor.e2e-spec.ts","❌ 400 – missing visitId","POST /api/v1/doctor/prescriptions","validation"
"test/e2e/07-doctor.e2e-spec.ts","🔐 401 – no auth","POST /api/v1/doctor/prescriptions","auth"
"test/e2e/07-doctor.e2e-spec.ts","🚫 403 – PHARMACIST creates prescription","POST /api/v1/doctor/prescriptions","authorization"
"test/e2e/07-doctor.e2e-spec.ts","✅ Adds drug item to prescription","POST /api/v1/doctor/prescriptions/${prescriptionId}/items","happy"
"test/e2e/07-doctor.e2e-spec.ts","✅ Adds second item (Ibuprofen)","POST /api/v1/doctor/prescriptions/${prescriptionId}/items","happy"
"test/e2e/07-doctor.e2e-spec.ts","❌ 400 – missing drugName","POST /api/v1/doctor/prescriptions/${prescriptionId}/items","validation"
"test/e2e/07-doctor.e2e-spec.ts","🔐 401 – no auth","POST /api/v1/doctor/prescriptions/${prescriptionId}/items","auth"
"test/e2e/07-doctor.e2e-spec.ts","🚫 403 – PHARMACIST adds items","POST /api/v1/doctor/prescriptions/${prescriptionId}/items","authorization"
"test/e2e/07-doctor.e2e-spec.ts","✅ Returns prescription with items","GET /api/v1/doctor/prescriptions/${ctx.visitId}","happy"
"test/e2e/07-doctor.e2e-spec.ts","🔐 401 without token","GET /api/v1/doctor/prescriptions/${ctx.visitId}","auth"
"test/e2e/07-doctor.e2e-spec.ts","🏢 IDOR – different facility visit","GET /api/v1/doctor/prescriptions/00000000-0000-0000-0000-000000000001","idor"
"test/e2e/07-doctor.e2e-spec.ts","✅ Finalizes prescription → locked","POST /api/v1/doctor/prescriptions/${prescriptionId}/finalize","happy"
"test/e2e/07-doctor.e2e-spec.ts","❌ Cannot add items to finalized prescription","POST /api/v1/doctor/prescriptions/${prescriptionId}/items","validation"
"test/e2e/07-doctor.e2e-spec.ts","🔐 401 – no auth","POST /api/v1/doctor/prescriptions/${prescriptionId}/finalize","auth"
"test/e2e/07-doctor.e2e-spec.ts","✅ Returns matching codes for ""diabetes""","GET /api/v1/doctor/icd10/search?q=diabetes","happy"
"test/e2e/07-doctor.e2e-spec.ts","✅ Returns matching codes for ""hypertension""","GET /api/v1/doctor/icd10/search?q=hypertension","happy"
"test/e2e/07-doctor.e2e-spec.ts","❌ 400 – missing q param","GET /api/v1/doctor/icd10/search","validation"
"test/e2e/07-doctor.e2e-spec.ts","🔐 401 without token","GET /api/v1/doctor/icd10/search?q=fever","auth"
"test/e2e/07-doctor.e2e-spec.ts","✅ Returns array of common ICD-10 codes","GET /api/v1/doctor/icd10/common","happy"
"test/e2e/07-doctor.e2e-spec.ts","🔐 401 without token","GET /api/v1/doctor/icd10/common","auth"
"test/e2e/08-pharmacy.e2e-spec.ts","✅ PHARMACIST gets dispense queue → 200","GET /api/v1/pharmacy/queue","happy"
"test/e2e/08-pharmacy.e2e-spec.ts","✅ FACILITY_ADMIN can see queue","GET /api/v1/pharmacy/queue","happy"
"test/e2e/08-pharmacy.e2e-spec.ts","🔐 401 – no auth","GET /api/v1/pharmacy/queue","auth"
"test/e2e/08-pharmacy.e2e-spec.ts","🏢 Queue results scoped to facilityId","GET /api/v1/pharmacy/queue","idor"
"test/e2e/08-pharmacy.e2e-spec.ts","✅ Returns hasAllergy:false for safe drug","GET /api/v1/pharmacy/allergy-check?patientId=${ctx.patientId}&drugName=Paracetamol","happy"
"test/e2e/08-pharmacy.e2e-spec.ts","✅ Returns hasAllergy:true when drug matches known allergy (Penicillin)","GET /api/v1/pharmacy/allergy-check?patientId=${ctx.patientId}&drugName=Penicillin","happy"
"test/e2e/08-pharmacy.e2e-spec.ts","❌ 400 – missing patientId","GET /api/v1/pharmacy/allergy-check?drugName=Paracetamol","validation"
"test/e2e/08-pharmacy.e2e-spec.ts","❌ 400 – missing drugName","GET /api/v1/pharmacy/allergy-check?patientId=${ctx.patientId}","validation"
"test/e2e/08-pharmacy.e2e-spec.ts","🔐 401 – no auth","GET /api/v1/pharmacy/allergy-check?patientId=${ctx.patientId}&drugName=Penicillin","auth"
"test/e2e/08-pharmacy.e2e-spec.ts","🏢 IDOR – patientId from different facility","GET /api/v1/pharmacy/allergy-check?patientId=00000000-0000-0000-0000-000000000001&drugName=X","idor"
"test/e2e/08-pharmacy.e2e-spec.ts","💉 XSS in drugName is handled safely","GET /api/v1/pharmacy/allergy-check?patientId=${ctx.patientId}&drugName=<script>alert(1)</script>","security"
"test/e2e/08-pharmacy.e2e-spec.ts","✅ Returns interactions array for two drugs","GET /api/v1/pharmacy/drug-interactions?drugs=Warfarin,Aspirin","happy"
"test/e2e/08-pharmacy.e2e-spec.ts","✅ Single drug returns empty interactions","GET /api/v1/pharmacy/drug-interactions?drugs=Paracetamol","happy"
"test/e2e/08-pharmacy.e2e-spec.ts","✅ External API timeout returns 200 with empty interactions (graceful degradation)","GET /api/v1/pharmacy/drug-interactions?drugs=Paracetamol,Ibuprofen","happy"
"test/e2e/08-pharmacy.e2e-spec.ts","❌ 400 – missing drugs param","GET /api/v1/pharmacy/drug-interactions","validation"
"test/e2e/08-pharmacy.e2e-spec.ts","🔐 401 – no auth","GET /api/v1/pharmacy/drug-interactions?drugs=Aspirin,Ibuprofen","auth"
"test/e2e/08-pharmacy.e2e-spec.ts","✅ PHARMACIST adds inventory stock → 201","POST /api/v1/pharmacy/inventory","happy"
"test/e2e/08-pharmacy.e2e-spec.ts","✅ FACILITY_ADMIN adds inventory","POST /api/v1/pharmacy/inventory","happy"
"test/e2e/08-pharmacy.e2e-spec.ts","❌ 400 – missing drugName","POST /api/v1/pharmacy/inventory","validation"
"test/e2e/08-pharmacy.e2e-spec.ts","❌ 400 – negative quantity","POST /api/v1/pharmacy/inventory","validation"
"test/e2e/08-pharmacy.e2e-spec.ts","🚫 403 – DOCTOR adds inventory","POST /api/v1/pharmacy/inventory","authorization"
"test/e2e/08-pharmacy.e2e-spec.ts","🔐 401 – no auth","POST /api/v1/pharmacy/inventory","auth"
"test/e2e/08-pharmacy.e2e-spec.ts","✅ Returns inventory list","GET /api/v1/pharmacy/inventory","happy"
"test/e2e/08-pharmacy.e2e-spec.ts","✅ drugName filter narrows results","GET /api/v1/pharmacy/inventory?drugName=Metformin","happy"
"test/e2e/08-pharmacy.e2e-spec.ts","🔐 401 – no auth","GET /api/v1/pharmacy/inventory","auth"
"test/e2e/08-pharmacy.e2e-spec.ts","✅ Returns items below reorder threshold","GET /api/v1/pharmacy/inventory/low-stock","happy"
"test/e2e/08-pharmacy.e2e-spec.ts","🔐 401 – no auth","GET /api/v1/pharmacy/inventory/low-stock","auth"
"test/e2e/08-pharmacy.e2e-spec.ts","✅ Returns items expiring within 30 days","GET /api/v1/pharmacy/inventory/expiring?days=30","happy"
"test/e2e/08-pharmacy.e2e-spec.ts","✅ Custom days parameter works","GET /api/v1/pharmacy/inventory/expiring?days=90","happy"
"test/e2e/08-pharmacy.e2e-spec.ts","❌ 400 – negative days","GET /api/v1/pharmacy/inventory/expiring?days=-1","validation"
"test/e2e/08-pharmacy.e2e-spec.ts","✅ Returns dispense history","GET /api/v1/pharmacy/history","happy"
"test/e2e/08-pharmacy.e2e-spec.ts","✅ patientId filter works","GET /api/v1/pharmacy/history?patientId=${ctx.patientId}","happy"
"test/e2e/08-pharmacy.e2e-spec.ts","🔐 401 – no auth","GET /api/v1/pharmacy/history","auth"
"test/e2e/08-pharmacy.e2e-spec.ts","🏢 IDOR – only own facility history returned","GET /api/v1/pharmacy/history","idor"
"test/e2e/09-equipment.e2e-spec.ts","✅ EQUIPMENT_STAFF creates equipment → 201","POST /api/v1/equipment","happy"
"test/e2e/09-equipment.e2e-spec.ts","✅ FACILITY_ADMIN creates equipment","POST /api/v1/equipment","happy"
"test/e2e/09-equipment.e2e-spec.ts","❌ 400 – missing name","POST /api/v1/equipment","validation"
"test/e2e/09-equipment.e2e-spec.ts","❌ 409 – duplicate serialNo","POST /api/v1/equipment","validation"
"test/e2e/09-equipment.e2e-spec.ts","🚫 403 – NURSE creates equipment","POST /api/v1/equipment","authorization"
"test/e2e/09-equipment.e2e-spec.ts","🔐 401 – no auth","POST /api/v1/equipment","auth"
"test/e2e/09-equipment.e2e-spec.ts","✅ Returns equipment list → 200","GET /api/v1/equipment","happy"
"test/e2e/09-equipment.e2e-spec.ts","✅ category filter works","GET /api/v1/equipment?category=WHEELCHAIR","happy"
"test/e2e/09-equipment.e2e-spec.ts","🔐 401 – no auth","GET /api/v1/equipment","auth"
"test/e2e/09-equipment.e2e-spec.ts","✅ Finds equipment by QR without auth token","GET /api/v1/equipment/qr/${encodeURIComponent(qrCode)}","happy"
"test/e2e/09-equipment.e2e-spec.ts","🔍 404 for non-existent QR code","GET /api/v1/equipment/qr/NONEXISTENT-QR-99999","search ; not-found"
"test/e2e/09-equipment.e2e-spec.ts","✅ Returns equipment by id","GET /api/v1/equipment/${equipmentId}","happy"
"test/e2e/09-equipment.e2e-spec.ts","🔍 404 – non-existent","GET /api/v1/equipment/00000000-0000-0000-0000-000000000000","search ; not-found"
"test/e2e/09-equipment.e2e-spec.ts","🔐 401 – no auth","GET /api/v1/equipment/${equipmentId}","auth"
"test/e2e/09-equipment.e2e-spec.ts","✅ Updates equipment condition","PATCH /api/v1/equipment/${equipmentId}","happy"
"test/e2e/09-equipment.e2e-spec.ts","🚫 403 – NURSE updates equipment","PATCH /api/v1/equipment/${equipmentId}","authorization"
"test/e2e/09-equipment.e2e-spec.ts","✅ Issues equipment to patient → 201","POST /api/v1/equipment/leases","happy"
"test/e2e/09-equipment.e2e-spec.ts","❌ 409 – equipment already on lease","POST /api/v1/equipment/leases","validation"
"test/e2e/09-equipment.e2e-spec.ts","❌ 400 – missing patientId","POST /api/v1/equipment/leases","validation"
"test/e2e/09-equipment.e2e-spec.ts","❌ 400 – missing returnBy","POST /api/v1/equipment/leases","validation"
"test/e2e/09-equipment.e2e-spec.ts","🔐 401 – no auth","POST /api/v1/equipment/leases","auth"
"test/e2e/09-equipment.e2e-spec.ts","✅ Returns active leases","GET /api/v1/equipment/leases/active","happy"
"test/e2e/09-equipment.e2e-spec.ts","🔐 401 – no auth","GET /api/v1/equipment/leases/active","auth"
"test/e2e/09-equipment.e2e-spec.ts","✅ Returns overdue leases (may be empty)","GET /api/v1/equipment/leases/overdue","happy"
"test/e2e/09-equipment.e2e-spec.ts","✅ Records equipment return","PATCH /api/v1/equipment/leases/${leaseId}/return","happy"
"test/e2e/09-equipment.e2e-spec.ts","❌ 400/409 – returning already returned lease","PATCH /api/v1/equipment/leases/${leaseId}/return","validation"
"test/e2e/09-equipment.e2e-spec.ts","❌ 400 – missing condition","PATCH /api/v1/equipment/leases/00000000-0000-0000-0000-000000000000/return","validation"
"test/e2e/09-equipment.e2e-spec.ts","✅ Creates maintenance log","POST /api/v1/equipment/maintenance","happy"
"test/e2e/09-equipment.e2e-spec.ts","❌ 400 – missing equipmentId","POST /api/v1/equipment/maintenance","validation"
"test/e2e/09-equipment.e2e-spec.ts","🚫 403 – NURSE creates maintenance log","POST /api/v1/equipment/maintenance","authorization"
"test/e2e/09-equipment.e2e-spec.ts","🔐 401 – no auth","POST /api/v1/equipment/maintenance","auth"
"test/e2e/09-equipment.e2e-spec.ts","✅ Returns equipment due for maintenance","GET /api/v1/equipment/maintenance/due","happy"
"test/e2e/09-equipment.e2e-spec.ts","🔐 401 – no auth","GET /api/v1/equipment/maintenance/due","auth"
"test/e2e/10-payment.e2e-spec.ts","✅ RECEPTIONIST creates bill → 201","POST /api/v1/payment/bills","happy"
"test/e2e/10-payment.e2e-spec.ts","✅ PHARMACIST creates bill","POST /api/v1/payment/bills","happy"
"test/e2e/10-payment.e2e-spec.ts","❌ 400 – missing patientId","POST /api/v1/payment/bills","validation"
"test/e2e/10-payment.e2e-spec.ts","🚫 403 – DOCTOR creates bill","POST /api/v1/payment/bills","authorization"
"test/e2e/10-payment.e2e-spec.ts","🔐 401 – no auth","POST /api/v1/payment/bills","auth"
"test/e2e/10-payment.e2e-spec.ts","🏢 IDOR – patientId from different facility","POST /api/v1/payment/bills","idor"
"test/e2e/10-payment.e2e-spec.ts","✅ Adds consultation fee item","POST /api/v1/payment/bills/${billId}/items","happy"
"test/e2e/10-payment.e2e-spec.ts","✅ Adds pharmacy item","POST /api/v1/payment/bills/${billId}/items","happy"
"test/e2e/10-payment.e2e-spec.ts","❌ 400 – missing description","POST /api/v1/payment/bills/${billId}/items","validation"
"test/e2e/10-payment.e2e-spec.ts","❌ 400 – negative amount","POST /api/v1/payment/bills/${billId}/items","validation"
"test/e2e/10-payment.e2e-spec.ts","🚫 403 – DOCTOR adds bill item","POST /api/v1/payment/bills/${billId}/items","authorization"
"test/e2e/10-payment.e2e-spec.ts","✅ Returns bills for patient","GET /api/v1/payment/bills/patient/${ctx.patientId}","happy"
"test/e2e/10-payment.e2e-spec.ts","🏢 IDOR – different facility patient","GET /api/v1/payment/bills/patient/00000000-0000-0000-0000-000000000001","idor"
"test/e2e/10-payment.e2e-spec.ts","🔐 401 – no auth","GET /api/v1/payment/bills/patient/${ctx.patientId}","auth"
"test/e2e/10-payment.e2e-spec.ts","✅ Returns bill with items","GET /api/v1/payment/bills/${billId}","happy"
"test/e2e/10-payment.e2e-spec.ts","🔍 404 – non-existent bill","GET /api/v1/payment/bills/00000000-0000-0000-0000-000000000000","search ; not-found"
"test/e2e/10-payment.e2e-spec.ts","📋 Bill total is not negative","GET /api/v1/payment/bills/${billId} ; POST /api/v1/payment/bills ; POST /api/v1/payment/bills/${finalizedBillId}/items","compliance"
"test/e2e/10-payment.e2e-spec.ts","✅ Finalizes bill → totalAmount calculated","POST /api/v1/payment/bills/${finalizedBillId}/finalize","happy"
"test/e2e/10-payment.e2e-spec.ts","❌ 400 – cannot add items after finalization","POST /api/v1/payment/bills/${finalizedBillId}/items","validation"
"test/e2e/10-payment.e2e-spec.ts","🔐 401 – no auth","POST /api/v1/payment/bills/${billId}/finalize","auth"
"test/e2e/10-payment.e2e-spec.ts","✅ Records cash payment → 201","POST /api/v1/payment/bills/${finalizedBillId}/pay","happy"
"test/e2e/10-payment.e2e-spec.ts","✅ Records UPI payment with transactionRef","POST /api/v1/payment/bills ; POST /api/v1/payment/bills/${b.body.id}/items ; POST /api/v1/payment/bills/${b.body.id}/finalize ; POST /api/v1/payment/bills/${b.body.id}/pay","happy"
"test/e2e/10-payment.e2e-spec.ts","❌ 400 – zero or negative amount","POST /api/v1/payment/bills/${finalizedBillId}/pay","validation"
"test/e2e/10-payment.e2e-spec.ts","❌ 400 – invalid payment method","POST /api/v1/payment/bills/${finalizedBillId}/pay","validation"
"test/e2e/10-payment.e2e-spec.ts","💉 SQL injection in transactionRef is sanitised","POST /api/v1/payment/bills/${finalizedBillId}/pay","security"
"test/e2e/10-payment.e2e-spec.ts","🔐 401 – no auth","POST /api/v1/payment/bills/${finalizedBillId}/pay","auth"
"test/e2e/10-payment.e2e-spec.ts","T')[0];      it('✅ Returns daily revenue for today","GET /api/v1/payment/reports/daily?date=${today}","happy"
"test/e2e/10-payment.e2e-spec.ts","✅ Default date (today) works without query param","GET /api/v1/payment/reports/daily","happy"
"test/e2e/10-payment.e2e-spec.ts","❌ 400 – invalid date format","GET /api/v1/payment/reports/daily?date=not-a-date","validation"
"test/e2e/10-payment.e2e-spec.ts","🚫 403 – DOCTOR accesses revenue report","GET /api/v1/payment/reports/daily?date=${today}","authorization"
"test/e2e/10-payment.e2e-spec.ts","🔐 401 – no auth","GET /api/v1/payment/reports/daily","auth"
"test/e2e/10-payment.e2e-spec.ts","🏢 IDOR – revenue scoped to own facility","GET /api/v1/payment/reports/daily?date=${today}","idor"
"test/e2e/11-notifications.e2e-spec.ts","✅ FACILITY_ADMIN creates template → 201","POST /api/v1/notifications/templates","happy"
"test/e2e/11-notifications.e2e-spec.ts","✅ Creates EMAIL template","POST /api/v1/notifications/templates","happy"
"test/e2e/11-notifications.e2e-spec.ts","❌ 400 – missing code","POST /api/v1/notifications/templates","validation"
"test/e2e/11-notifications.e2e-spec.ts","❌ 400 – missing channel","POST /api/v1/notifications/templates","validation"
"test/e2e/11-notifications.e2e-spec.ts","❌ 400 – missing body","POST /api/v1/notifications/templates","validation"
"test/e2e/11-notifications.e2e-spec.ts","❌ 409 – duplicate template code","POST /api/v1/notifications/templates","validation"
"test/e2e/11-notifications.e2e-spec.ts","🚫 403 – DOCTOR creates template","POST /api/v1/notifications/templates","authorization"
"test/e2e/11-notifications.e2e-spec.ts","🔐 401 – no auth","POST /api/v1/notifications/templates","auth"
"test/e2e/11-notifications.e2e-spec.ts","✅ Returns template list","GET /api/v1/notifications/templates","happy"
"test/e2e/11-notifications.e2e-spec.ts","🔐 401 – no auth","GET /api/v1/notifications/templates","auth"
"test/e2e/11-notifications.e2e-spec.ts","🏢 IDOR – only own facility templates","GET /api/v1/notifications/templates","idor"
"test/e2e/11-notifications.e2e-spec.ts","✅ FACILITY_ADMIN sends SMS → 201 (queued, provider mocked)","POST /api/v1/notifications/send","happy"
"test/e2e/11-notifications.e2e-spec.ts","✅ DOCTOR sends SMS notification","POST /api/v1/notifications/send","happy"
"test/e2e/11-notifications.e2e-spec.ts","✅ NURSE sends notification","POST /api/v1/notifications/send","happy"
"test/e2e/11-notifications.e2e-spec.ts","✅ Sends EMAIL notification","POST /api/v1/notifications/send","happy"
"test/e2e/11-notifications.e2e-spec.ts","✅ Sends WHATSAPP notification","POST /api/v1/notifications/send","happy"
"test/e2e/11-notifications.e2e-spec.ts","❌ 400 – invalid channel","POST /api/v1/notifications/send","validation"
"test/e2e/11-notifications.e2e-spec.ts","❌ 400 – missing recipient","POST /api/v1/notifications/send","validation"
"test/e2e/11-notifications.e2e-spec.ts","❌ 400 – missing body","POST /api/v1/notifications/send","validation"
"test/e2e/11-notifications.e2e-spec.ts","🚫 403 – RECEPTIONIST sends notification","POST /api/v1/notifications/send","authorization"
"test/e2e/11-notifications.e2e-spec.ts","🔐 401 – no auth","POST /api/v1/notifications/send","auth"
"test/e2e/11-notifications.e2e-spec.ts","⚠️ External provider failure → graceful response (no 500)","POST /api/v1/notifications/send","edge"
"test/e2e/11-notifications.e2e-spec.ts","✅ FACILITY_ADMIN retrieves logs → 200","GET /api/v1/notifications/logs","happy"
"test/e2e/11-notifications.e2e-spec.ts","✅ channel filter works","GET /api/v1/notifications/logs?channel=SMS","happy"
"test/e2e/11-notifications.e2e-spec.ts","✅ limit parameter respected","GET /api/v1/notifications/logs?limit=5","happy"
"test/e2e/11-notifications.e2e-spec.ts","🚫 403 – RECEPTIONIST accesses logs","GET /api/v1/notifications/logs","authorization"
"test/e2e/11-notifications.e2e-spec.ts","🔐 401 – no auth","GET /api/v1/notifications/logs","auth"
"test/e2e/11-notifications.e2e-spec.ts","📋 Logs do not contain patient PII beyond recipient channel","GET /api/v1/notifications/logs","compliance"
"test/e2e/12-crm.e2e-spec.ts","✅ CRM_ANALYST creates follow-up → 201","POST /api/v1/crm/follow-ups","happy"
"test/e2e/12-crm.e2e-spec.ts","✅ FACILITY_ADMIN creates follow-up","POST /api/v1/crm/follow-ups","happy"
"test/e2e/12-crm.e2e-spec.ts","✅ DOCTOR creates follow-up","POST /api/v1/crm/follow-ups","happy"
"test/e2e/12-crm.e2e-spec.ts","❌ 400 – missing patientId","POST /api/v1/crm/follow-ups","validation"
"test/e2e/12-crm.e2e-spec.ts","❌ 400 – missing scheduledDate","POST /api/v1/crm/follow-ups","validation"
"test/e2e/12-crm.e2e-spec.ts","❌ 400 – past scheduledDate","POST /api/v1/crm/follow-ups","validation"
"test/e2e/12-crm.e2e-spec.ts","🔍 404 – non-existent patientId","POST /api/v1/crm/follow-ups","search ; not-found"
"test/e2e/12-crm.e2e-spec.ts","🚫 403 – NURSE creates follow-up","POST /api/v1/crm/follow-ups","authorization"
"test/e2e/12-crm.e2e-spec.ts","🏢 IDOR – patient from different facility","POST /api/v1/crm/follow-ups","idor"
"test/e2e/12-crm.e2e-spec.ts","🔐 401 – no auth","POST /api/v1/crm/follow-ups","auth"
"test/e2e/12-crm.e2e-spec.ts","✅ Returns today follow-ups (may be empty)","GET /api/v1/crm/follow-ups/today","happy"
"test/e2e/12-crm.e2e-spec.ts","🚫 403 – NURSE accesses today follow-ups","GET /api/v1/crm/follow-ups/today","authorization"
"test/e2e/12-crm.e2e-spec.ts","🔐 401 – no auth","GET /api/v1/crm/follow-ups/today","auth"
"test/e2e/12-crm.e2e-spec.ts","✅ Lists follow-ups with pagination","GET /api/v1/crm/follow-ups","happy"
"test/e2e/12-crm.e2e-spec.ts","✅ patientId filter works","GET /api/v1/crm/follow-ups?patientId=${ctx.patientId}","happy"
"test/e2e/12-crm.e2e-spec.ts","🔐 401 – no auth","GET /api/v1/crm/follow-ups","auth"
"test/e2e/12-crm.e2e-spec.ts","✅ Updates follow-up status to COMPLETED","PATCH /api/v1/crm/follow-ups/${followUpId}","happy"
"test/e2e/12-crm.e2e-spec.ts","🔍 404 – non-existent follow-up","PATCH /api/v1/crm/follow-ups/00000000-0000-0000-0000-000000000000","search ; not-found"
"test/e2e/12-crm.e2e-spec.ts","🔐 401 – no auth","PATCH /api/v1/crm/follow-ups/${followUpId}","auth"
"test/e2e/12-crm.e2e-spec.ts","✅ CRM_ANALYST creates segment → 201","POST /api/v1/crm/segments","happy"
"test/e2e/12-crm.e2e-spec.ts","❌ 400 – missing name","POST /api/v1/crm/segments","validation"
"test/e2e/12-crm.e2e-spec.ts","🚫 403 – NURSE creates segment","POST /api/v1/crm/segments","authorization"
"test/e2e/12-crm.e2e-spec.ts","🔐 401 – no auth","POST /api/v1/crm/segments","auth"
"test/e2e/12-crm.e2e-spec.ts","✅ Returns segments list","GET /api/v1/crm/segments","happy"
"test/e2e/12-crm.e2e-spec.ts","🏢 IDOR – only own facility segments","GET /api/v1/crm/segments","idor"
"test/e2e/12-crm.e2e-spec.ts","✅ CRM_ANALYST creates campaign → 201","POST /api/v1/crm/campaigns","happy"
"test/e2e/12-crm.e2e-spec.ts","❌ 400 – missing segmentId","POST /api/v1/crm/campaigns","validation"
"test/e2e/12-crm.e2e-spec.ts","❌ 400 – missing channel","POST /api/v1/crm/campaigns","validation"
"test/e2e/12-crm.e2e-spec.ts","🔍 404 – non-existent segmentId","POST /api/v1/crm/campaigns","search ; not-found"
"test/e2e/12-crm.e2e-spec.ts","🏢 IDOR – segment from different facility","POST /api/v1/crm/campaigns","idor"
"test/e2e/12-crm.e2e-spec.ts","🚫 403 – NURSE creates campaign","POST /api/v1/crm/campaigns","authorization"
"test/e2e/12-crm.e2e-spec.ts","✅ Returns campaigns list","GET /api/v1/crm/campaigns","happy"
"test/e2e/12-crm.e2e-spec.ts","🏢 IDOR – only own facility campaigns","GET /api/v1/crm/campaigns","idor"
"test/e2e/12-crm.e2e-spec.ts","🔐 401 – no auth","GET /api/v1/crm/campaigns","auth"
"test/e2e/13-audit.e2e-spec.ts","✅ FACILITY_ADMIN gets logs → 200 with data array and pagination","GET /api/v1/audit/logs","happy"
"test/e2e/13-audit.e2e-spec.ts","✅ each audit entry contains required fields","GET /api/v1/audit/logs","happy"
"test/e2e/13-audit.e2e-spec.ts","✅ userId filter: ?userId=X narrows results","GET /api/v1/audit/logs?userId=${adminUserId}","happy"
"test/e2e/13-audit.e2e-spec.ts","✅ resource filter: ?resource=PATIENT returns only PATIENT logs","GET /api/v1/audit/logs?resource=PATIENT","happy"
"test/e2e/13-audit.e2e-spec.ts","✅ date range filter: ?startDate=2026-01-01&endDate=2026-12-31","GET /api/v1/audit/logs?startDate=2026-01-01&endDate=2026-12-31","happy"
"test/e2e/13-audit.e2e-spec.ts","✅ combined filters: userId + resource + date range","GET /api/v1/audit/logs?resource=PATIENT ; GET /api/v1/audit/logs?startDate=2026-01-01&endDate=2026-12-31","happy"
"test/e2e/13-audit.e2e-spec.ts","✅ pagination: ?page=1&limit=5 returns at most 5 entries","GET /api/v1/audit/logs?page=1&limit=5","happy"
"test/e2e/13-audit.e2e-spec.ts","✅ pagination: ?page=2&limit=10 returns correct page metadata","GET /api/v1/audit/logs?page=2&limit=10","happy"
"test/e2e/13-audit.e2e-spec.ts","🔐 missing Authorization header → 401","GET /api/v1/audit/logs","auth ; validation"
"test/e2e/13-audit.e2e-spec.ts","🔐 invalid Bearer token → 401","GET /api/v1/audit/logs","auth ; validation"
"test/e2e/13-audit.e2e-spec.ts","🔐 malformed Authorization header → 401","GET /api/v1/audit/logs","auth"
"test/e2e/13-audit.e2e-spec.ts","🚫 DOCTOR accessing audit logs → 403","GET /api/v1/audit/logs","authorization"
"test/e2e/13-audit.e2e-spec.ts","🚫 NURSE accessing audit logs → 403","GET /api/v1/audit/logs","authorization"
"test/e2e/13-audit.e2e-spec.ts","🚫 RECEPTIONIST accessing audit logs → 403","GET /api/v1/audit/logs","authorization"
"test/e2e/13-audit.e2e-spec.ts","🚫 PHARMACIST accessing audit logs → 403","GET /api/v1/audit/logs","authorization"
"test/e2e/13-audit.e2e-spec.ts","🚫 EQUIPMENT_STAFF accessing audit logs → 403","GET /api/v1/audit/logs","authorization"
"test/e2e/13-audit.e2e-spec.ts","🚫 CRM_ANALYST accessing audit logs → 403","GET /api/v1/audit/logs","authorization"
"test/e2e/13-audit.e2e-spec.ts","🏢 IDOR: logs only contain entries for the authenticated admin's facility","GET /api/v1/audit/logs","idor"
"test/e2e/13-audit.e2e-spec.ts","🏢 IDOR: userId filter cannot expose other-facility user activity","GET /api/v1/audit/logs?userId=${foreignUserId}","idor"
"test/e2e/13-audit.e2e-spec.ts","💉 audit logs never expose raw password fields","GET /api/v1/audit/logs","security"
"test/e2e/13-audit.e2e-spec.ts","💉 audit logs do not expose JWT secrets or token values","GET /api/v1/audit/logs","security"
"test/e2e/13-audit.e2e-spec.ts","💉 SQL injection in userId filter returns 200 with empty results (not 500)","GET /api/v1/audit/logs?userId=${injectionPayload}","security"
"test/e2e/13-audit.e2e-spec.ts","📋 login attempt (success) generates an audit log entry","POST /api/v1/auth/login ; GET /api/v1/audit/logs","compliance"
"test/e2e/13-audit.e2e-spec.ts","📋 audit logs are append-only: no DELETE endpoint exists for /audit/logs","DELETE /api/v1/audit/logs","compliance"
"test/e2e/13-audit.e2e-spec.ts","📋 audit logs are append-only: no PATCH endpoint exists for individual log entries","PATCH /api/v1/audit/logs/${fakeId}","compliance"
"test/e2e/13-audit.e2e-spec.ts","📋 no DELETE /audit/logs/:id endpoint exposed even to SUPER_ADMIN equivalent","DELETE /api/v1/audit/logs/1","compliance"
"test/e2e/13-audit.e2e-spec.ts","📋 retention: logs from a wide date range (>2 years ago) are still accessible","GET /api/v1/audit/logs?startDate=${startDate}&endDate=2099-12-31","compliance"
"test/e2e/13-audit.e2e-spec.ts","⚠️ invalid date format ?startDate=not-a-date → 400 or graceful empty","GET /api/v1/audit/logs?startDate=not-a-date","edge ; validation"
"test/e2e/13-audit.e2e-spec.ts","⚠️ startDate after endDate → 400 or empty result","GET /api/v1/audit/logs?startDate=2026-12-31&endDate=2026-01-01","edge ; validation"
"test/e2e/13-audit.e2e-spec.ts","⚠️ very large page number → 200 with empty data array","GET /api/v1/audit/logs?page=999999&limit=50","edge"
"test/e2e/13-audit.e2e-spec.ts","⚠️ limit=0 → 400 (invalid pagination) or 200 with default limit","GET /api/v1/audit/logs?page=1&limit=0","edge ; validation"
"test/e2e/13-audit.e2e-spec.ts","⚠️ negative page number → 400 or graceful default","GET /api/v1/audit/logs?page=-1&limit=10","edge ; validation"
"test/e2e/13-audit.e2e-spec.ts","⚠️ very long userId query string does not cause 500","GET /api/v1/audit/logs?userId=${longId}","edge"
"test/e2e/13-audit.e2e-spec.ts","🔄 concurrent requests do not cause 500","GET /api/v1/audit/logs?limit=10","resilience"
"test/e2e/13-audit.e2e-spec.ts","🔄 response time is within acceptable SLA (< 3000ms)","GET /api/v1/audit/logs?limit=50","resilience"
"test/e2e/14-reports.e2e-spec.ts","✅ FACILITY_ADMIN gets visit stats → 200","GET /api/v1/reports/visits?from=${from}&to=${to}","happy"
"test/e2e/14-reports.e2e-spec.ts","✅ DOCTOR gets visit stats → 200","GET /api/v1/reports/visits","happy"
"test/e2e/14-reports.e2e-spec.ts","✅ Default date range (current month) works","GET /api/v1/reports/visits","happy"
"test/e2e/14-reports.e2e-spec.ts","❌ 400 – invalid date format","GET /api/v1/reports/visits?from=not-a-date&to=also-not","validation"
"test/e2e/14-reports.e2e-spec.ts","🚫 403 – NURSE gets visit stats","GET /api/v1/reports/visits","authorization"
"test/e2e/14-reports.e2e-spec.ts","🚫 403 – RECEPTIONIST gets visit stats","GET /api/v1/reports/visits","authorization"
"test/e2e/14-reports.e2e-spec.ts","🔐 401 – no auth","GET /api/v1/reports/visits","auth"
"test/e2e/14-reports.e2e-spec.ts","🏢 IDOR – stats scoped to own facility","GET /api/v1/reports/visits","idor"
"test/e2e/14-reports.e2e-spec.ts","✅ FACILITY_ADMIN gets revenue summary → 200","GET /api/v1/reports/revenue?from=${from}&to=${to}","happy"
"test/e2e/14-reports.e2e-spec.ts","🚫 403 – DOCTOR gets revenue","GET /api/v1/reports/revenue","authorization"
"test/e2e/14-reports.e2e-spec.ts","🚫 403 – CRM_ANALYST gets revenue","GET /api/v1/reports/revenue","authorization"
"test/e2e/14-reports.e2e-spec.ts","🔐 401 – no auth","GET /api/v1/reports/revenue","auth"
"test/e2e/14-reports.e2e-spec.ts","📋 Revenue figures are non-negative numbers","GET /api/v1/reports/revenue","compliance"
"test/e2e/14-reports.e2e-spec.ts","✅ FACILITY_ADMIN gets utilisation → 200","GET /api/v1/reports/equipment","happy"
"test/e2e/14-reports.e2e-spec.ts","✅ EQUIPMENT_STAFF gets utilisation → 200","GET /api/v1/reports/equipment","happy"
"test/e2e/14-reports.e2e-spec.ts","🚫 403 – DOCTOR gets equipment report","GET /api/v1/reports/equipment","authorization"
"test/e2e/14-reports.e2e-spec.ts","🔐 401 – no auth","GET /api/v1/reports/equipment","auth"
"test/e2e/14-reports.e2e-spec.ts","✅ FACILITY_ADMIN gets patient stats → 200","GET /api/v1/reports/patients?from=${from}&to=${to}","happy"
"test/e2e/14-reports.e2e-spec.ts","✅ CRM_ANALYST gets patient stats → 200","GET /api/v1/reports/patients","happy"
"test/e2e/14-reports.e2e-spec.ts","🚫 403 – NURSE gets patient stats","GET /api/v1/reports/patients","authorization"
"test/e2e/14-reports.e2e-spec.ts","📋 totalPatients is a non-negative integer","GET /api/v1/reports/patients","compliance"
"test/e2e/14-reports.e2e-spec.ts","✅ FACILITY_ADMIN gets DHIS dashboard → 200","GET /api/v1/reports/dhis","happy"
"test/e2e/14-reports.e2e-spec.ts","📋 DHIS dashboard has correct structure","GET /api/v1/reports/dhis","compliance"
"test/e2e/14-reports.e2e-spec.ts","📋 last6Months is an array of 6 entries","GET /api/v1/reports/dhis","compliance"
"test/e2e/14-reports.e2e-spec.ts","🚫 403 – DOCTOR gets DHIS dashboard","GET /api/v1/reports/dhis","authorization"
"test/e2e/14-reports.e2e-spec.ts","🔐 401 – no auth","GET /api/v1/reports/dhis","auth"
"test/e2e/14-reports.e2e-spec.ts","🏢 IDOR – DHIS data scoped to own facility","GET /api/v1/reports/dhis","idor"
"test/e2e/15-rooms.e2e-spec.ts","✅ FACILITY_ADMIN creates room → 201","POST /api/v1/rooms","happy"
"test/e2e/15-rooms.e2e-spec.ts","✅ Creates OT room","POST /api/v1/rooms","happy"
"test/e2e/15-rooms.e2e-spec.ts","✅ Creates Private room","POST /api/v1/rooms","happy"
"test/e2e/15-rooms.e2e-spec.ts","❌ 400 – missing name","POST /api/v1/rooms","validation"
"test/e2e/15-rooms.e2e-spec.ts","❌ 400 – missing type","POST /api/v1/rooms","validation"
"test/e2e/15-rooms.e2e-spec.ts","❌ 400 – invalid room type","POST /api/v1/rooms","validation"
"test/e2e/15-rooms.e2e-spec.ts","❌ 400 – capacity below minimum","POST /api/v1/rooms","validation"
"test/e2e/15-rooms.e2e-spec.ts","🚫 403 – NURSE creates room","POST /api/v1/rooms","authorization"
"test/e2e/15-rooms.e2e-spec.ts","🚫 403 – DOCTOR creates room","POST /api/v1/rooms","authorization"
"test/e2e/15-rooms.e2e-spec.ts","🔐 401 – no auth","POST /api/v1/rooms","auth"
"test/e2e/15-rooms.e2e-spec.ts","💉 XSS in room name is stored safely","POST /api/v1/rooms","security"
"test/e2e/15-rooms.e2e-spec.ts","✅ FACILITY_ADMIN lists rooms → 200","GET /api/v1/rooms","happy"
"test/e2e/15-rooms.e2e-spec.ts","✅ type filter works","GET /api/v1/rooms?type=ICU","happy"
"test/e2e/15-rooms.e2e-spec.ts","✅ floor filter works","GET /api/v1/rooms?floor=1","happy"
"test/e2e/15-rooms.e2e-spec.ts","✅ ward filter works","GET /api/v1/rooms?ward=${ctx.ward}","happy"
"test/e2e/15-rooms.e2e-spec.ts","🔐 401 – no auth","GET /api/v1/rooms","auth"
"test/e2e/15-rooms.e2e-spec.ts","🏢 IDOR – rooms scoped to own facility","GET /api/v1/rooms","idor"
"test/e2e/15-rooms.e2e-spec.ts","✅ Returns beds for a room","GET /api/v1/rooms/${ctx.roomId}/beds","happy"
"test/e2e/15-rooms.e2e-spec.ts","🔍 404 – non-existent room","GET /api/v1/rooms/00000000-0000-0000-0000-000000000000/beds","search ; not-found"
"test/e2e/15-rooms.e2e-spec.ts","🔐 401 – no auth","GET /api/v1/rooms/${ctx.roomId}/beds","auth"
"test/e2e/15-rooms.e2e-spec.ts","✅ FACILITY_ADMIN adds bed to room → 201","POST /api/v1/beds","happy"
"test/e2e/15-rooms.e2e-spec.ts","✅ ICU bed with all features","POST /api/v1/beds","happy"
"test/e2e/15-rooms.e2e-spec.ts","❌ 400 – missing roomId","POST /api/v1/beds","validation"
"test/e2e/15-rooms.e2e-spec.ts","❌ 400 – missing bedNumber","POST /api/v1/beds","validation"
"test/e2e/15-rooms.e2e-spec.ts","🚫 403 – NURSE adds bed","POST /api/v1/beds","authorization"
"test/e2e/15-rooms.e2e-spec.ts","🔐 401 – no auth","POST /api/v1/beds","auth"
"test/e2e/15-rooms.e2e-spec.ts","✅ Returns bed occupancy board → 200","GET /api/v1/beds/board","happy"
"test/e2e/15-rooms.e2e-spec.ts","✅ NURSE can access bed board","GET /api/v1/beds/board","happy"
"test/e2e/15-rooms.e2e-spec.ts","🔐 401 – no auth","GET /api/v1/beds/board","auth"
"test/e2e/15-rooms.e2e-spec.ts","✅ Returns available beds → 200","GET /api/v1/beds/available","happy"
"test/e2e/15-rooms.e2e-spec.ts","✅ RECEPTIONIST can check available beds","GET /api/v1/beds/available","happy"
"test/e2e/15-rooms.e2e-spec.ts","✅ roomType filter works","GET /api/v1/beds/available?roomType=GENERAL_WARD","happy"
"test/e2e/15-rooms.e2e-spec.ts","🚫 403 – PHARMACIST checks available beds","GET /api/v1/beds/available","authorization"
"test/e2e/15-rooms.e2e-spec.ts","🔐 401 – no auth","GET /api/v1/beds/available","auth"
"test/e2e/15-rooms.e2e-spec.ts","✅ FACILITY_ADMIN updates bed status AVAILABLE → MAINTENANCE","PATCH /api/v1/beds/${ctx.bedId}/status","happy"
"test/e2e/15-rooms.e2e-spec.ts","✅ NURSE updates bed status","POST /api/v1/beds ; PATCH /api/v1/beds/${bId}/status","happy"
"test/e2e/15-rooms.e2e-spec.ts","❌ 400 – invalid status transition (MAINTENANCE → OCCUPIED)","PATCH /api/v1/beds/${ctx.bedId}/status","validation"
"test/e2e/15-rooms.e2e-spec.ts","❌ 400 – missing status","PATCH /api/v1/beds/${ctx.bedId}/status","validation"
"test/e2e/15-rooms.e2e-spec.ts","❌ 400 – invalid status value","PATCH /api/v1/beds/${ctx.bedId}/status","validation"
"test/e2e/15-rooms.e2e-spec.ts","🚫 403 – DOCTOR updates bed status","PATCH /api/v1/beds/${ctx.bedId}/status","authorization"
"test/e2e/15-rooms.e2e-spec.ts","🔐 401 – no auth","PATCH /api/v1/beds/${ctx.bedId}/status ; POST /api/v1/beds","auth"
"test/e2e/15-rooms.e2e-spec.ts","✅ NURSE triggers housekeeping → 201","POST /api/v1/beds/${cleanBedId}/housekeeping","happy"
"test/e2e/15-rooms.e2e-spec.ts","✅ FACILITY_ADMIN triggers housekeeping","POST /api/v1/beds ; POST /api/v1/beds/${bId}/housekeeping","happy"
"test/e2e/15-rooms.e2e-spec.ts","🚫 403 – DOCTOR triggers housekeeping","POST /api/v1/beds/${cleanBedId}/housekeeping","authorization"
"test/e2e/15-rooms.e2e-spec.ts","🔐 401 – no auth","POST /api/v1/beds/00000000-0000-0000-0000-000000000000/housekeeping","auth"
"test/e2e/15-rooms.e2e-spec.ts","✅ Marks housekeeping complete → 200","PATCH /api/v1/beds/${cleanBedId}/housekeeping/complete","happy"
"test/e2e/15-rooms.e2e-spec.ts","🚫 403 – DOCTOR completes housekeeping","PATCH /api/v1/beds/${cleanBedId}/housekeeping/complete","authorization"
"test/e2e/15-rooms.e2e-spec.ts","🔐 401 – no auth","PATCH /api/v1/beds/00000000-0000-0000-0000-000000000000/housekeeping/complete","auth"
"test/e2e/15-rooms.e2e-spec.ts","✅ Returns housekeeping history → 200","GET /api/v1/beds/${cleanBedId}/housekeeping-history","happy"
"test/e2e/15-rooms.e2e-spec.ts","🔐 401 – no auth","GET /api/v1/beds/${cleanBedId}/housekeeping-history","auth"
"test/e2e/15-rooms.e2e-spec.ts","✅ FACILITY_ADMIN gets ward occupancy → 200","GET /api/v1/wards/${ctx.ward}/occupancy","happy"
"test/e2e/15-rooms.e2e-spec.ts","✅ NURSE gets ward occupancy → 200","GET /api/v1/wards/${ctx.ward}/occupancy","happy"
"test/e2e/15-rooms.e2e-spec.ts","🚫 403 – PHARMACIST gets ward occupancy","GET /api/v1/wards/${ctx.ward}/occupancy","authorization"
"test/e2e/15-rooms.e2e-spec.ts","🔐 401 – no auth","GET /api/v1/wards/${ctx.ward}/occupancy","auth"
"test/e2e/15-rooms.e2e-spec.ts","✅ FACILITY_ADMIN gets occupancy dashboard → 200","GET /api/v1/facilities/occupancy-dashboard","happy"
"test/e2e/15-rooms.e2e-spec.ts","📋 Dashboard has meaningful structure","GET /api/v1/facilities/occupancy-dashboard","compliance"
"test/e2e/15-rooms.e2e-spec.ts","🚫 403 – DOCTOR gets occupancy dashboard","GET /api/v1/facilities/occupancy-dashboard","authorization"
"test/e2e/15-rooms.e2e-spec.ts","🔐 401 – no auth","GET /api/v1/facilities/occupancy-dashboard","auth"
"test/e2e/15-rooms.e2e-spec.ts","🏢 IDOR – dashboard scoped to own facility","GET /api/v1/facilities/occupancy-dashboard","idor"
